date,MA1,MA2,Current Price,Buy/Sell,Shares,PnL,Cash,Value
2011-09-19,120.31,120.31,120.31,--,--,0.00,100000.00,100000.00
2011-09-20,120.17,120.17,120.17,--,--,0.00,100000.00,100000.00
2011-09-21,116.63,116.63,116.63,--,--,0.00,100000.00,100000.00
2011-09-22,112.86,112.86,112.86,--,--,0.00,100000.00,100000.00
2011-09-23,113.54,113.54,113.54,--,--,0.00,100000.00,100000.00
2011-09-26,116.24,116.24,116.24,--,--,0.00,100000.00,100000.00
2011-09-27,117.54,117.54,117.54,--,--,0.00,100000.00,100000.00
2011-09-28,115.14,115.14,115.14,--,--,0.00,100000.00,100000.00
2011-09-29,116.05,116.05,116.05,--,--,0.00,100000.00,100000.00
2011-09-30,113.15,113.15,113.15,--,--,0.00,100000.00,100000.00
2011-10-03,109.93,109.93,109.93,--,--,0.00,100000.00,100000.00
2011-10-04,112.34,112.34,112.34,--,--,0.00,100000.00,100000.00
2011-10-05,114.42,114.42,114.42,--,--,0.00,100000.00,100000.00
2011-10-06,116.49,116.49,116.49,--,--,0.00,100000.00,100000.00
2011-10-07,115.71,115.71,115.71,--,--,0.00,100000.00,100000.00
2011-10-10,119.58,119.58,119.58,--,--,0.00,100000.00,100000.00
2011-10-11,119.70,119.70,119.70,--,--,0.00,100000.00,100000.00
2011-10-12,120.75,120.75,120.75,--,--,0.00,100000.00,100000.00
2011-10-13,120.51,120.51,120.51,--,--,0.00,100000.00,100000.00
2011-10-14,122.57,122.57,122.57,--,--,0.00,100000.00,100000.00
2011-10-17,120.23,120.23,120.23,--,--,0.00,100000.00,100000.00
2011-10-18,122.58,122.58,122.58,--,--,0.00,100000.00,100000.00
2011-10-19,121.13,121.13,121.13,--,--,0.00,100000.00,100000.00
2011-10-20,121.66,121.66,121.66,--,--,0.00,100000.00,100000.00
2011-10-21,123.97,123.97,123.97,--,--,0.00,100000.00,100000.00
2011-10-24,125.49,125.49,125.49,--,--,0.00,100000.00,100000.00
2011-10-25,123.05,123.05,123.05,--,--,0.00,100000.00,100000.00
2011-10-26,124.30,124.30,124.30,--,--,0.00,100000.00,100000.00
2011-10-27,128.63,128.63,128.63,--,--,0.00,100000.00,100000.00
2011-10-28,128.60,128.60,128.60,--,--,0.00,100000.00,100000.00
2011-10-31,125.50,125.50,125.50,--,--,0.00,100000.00,100000.00
2011-11-01,122.00,122.00,122.00,--,--,0.00,100000.00,100000.00
2011-11-02,123.99,123.99,123.99,--,--,0.00,100000.00,100000.00
2011-11-03,126.25,126.25,126.25,--,--,0.00,100000.00,100000.00
2011-11-04,125.48,125.48,125.48,--,--,0.00,100000.00,100000.00
2011-11-07,126.26,126.26,126.26,--,--,0.00,100000.00,100000.00
2011-11-08,127.88,127.88,127.88,--,--,0.00,100000.00,100000.00
2011-11-09,123.16,123.16,123.16,--,--,0.00,100000.00,100000.00
2011-11-10,124.32,124.32,124.32,--,--,0.00,100000.00,100000.00
2011-11-11,126.66,126.66,126.66,--,--,0.00,100000.00,100000.00
2011-11-14,125.46,125.46,125.46,--,--,0.00,100000.00,100000.00
2011-11-15,126.08,126.08,126.08,--,--,0.00,100000.00,100000.00
2011-11-16,124.08,124.08,124.08,--,--,0.00,100000.00,100000.00
2011-11-17,122.11,122.11,122.11,--,--,0.00,100000.00,100000.00
2011-11-18,121.98,121.98,121.98,--,--,0.00,100000.00,100000.00
2011-11-21,119.66,119.66,119.66,--,--,0.00,100000.00,100000.00
2011-11-22,119.19,119.19,119.19,--,--,0.00,100000.00,100000.00
2011-11-23,116.56,116.56,116.56,--,--,0.00,100000.00,100000.00
2011-11-25,116.34,116.34,116.34,--,--,0.00,100000.00,100000.00
2011-11-28,119.71,119.71,119.71,--,--,0.00,100000.00,100000.00
2011-11-29,120.05,120.05,120.05,--,--,0.00,100000.00,100000.00
2011-11-30,124.99,124.99,124.99,--,--,0.00,100000.00,100000.00
2011-12-01,124.97,124.97,124.97,--,--,0.00,100000.00,100000.00
2011-12-02,124.86,124.86,124.86,--,--,0.00,100000.00,100000.00
2011-12-05,126.22,126.22,126.22,--,--,0.00,100000.00,100000.00
2011-12-06,126.26,126.26,126.26,--,--,0.00,100000.00,100000.00
2011-12-07,126.73,126.73,126.73,--,--,0.00,100000.00,100000.00
2011-12-08,123.95,123.95,123.95,--,--,0.00,100000.00,100000.00
2011-12-09,126.05,126.05,126.05,--,--,0.00,100000.00,100000.00
2011-12-12,124.21,124.21,124.21,--,--,0.00,100000.00,100000.00
2011-12-13,123.05,123.05,123.05,--,--,0.00,100000.00,100000.00
2011-12-14,121.74,121.74,121.74,--,--,0.00,100000.00,100000.00
2011-12-15,122.18,122.18,122.18,--,--,0.00,100000.00,100000.00
2011-12-16,121.59,121.59,121.59,--,--,0.00,100000.00,100000.00
2011-12-19,120.29,120.29,120.29,--,--,0.00,100000.00,100000.00
2011-12-20,123.93,123.93,123.93,--,--,0.00,100000.00,100000.00
2011-12-21,124.17,124.17,124.17,--,--,0.00,100000.00,100000.00
2011-12-22,125.27,125.27,125.27,--,--,0.00,100000.00,100000.00
2011-12-23,126.39,126.39,126.39,--,--,0.00,100000.00,100000.00
2011-12-27,126.49,126.49,126.49,--,--,0.00,100000.00,100000.00
2011-12-28,124.83,124.83,124.83,--,--,0.00,100000.00,100000.00
2011-12-29,126.12,126.12,126.12,--,--,0.00,100000.00,100000.00
2011-12-30,125.50,125.50,125.50,--,--,0.00,100000.00,100000.00
2012-01-03,127.50,127.50,127.50,--,--,0.00,100000.00,100000.00
2012-01-04,127.70,127.70,127.70,--,--,0.00,100000.00,100000.00
2012-01-05,128.04,128.04,128.04,--,--,0.00,100000.00,100000.00
2012-01-06,127.71,127.71,127.71,--,--,0.00,100000.00,100000.00
2012-01-09,128.02,128.02,128.02,--,--,0.00,100000.00,100000.00
2012-01-10,129.13,129.13,129.13,--,--,0.00,100000.00,100000.00
2012-01-11,129.20,129.20,129.20,--,--,0.00,100000.00,100000.00
2012-01-12,129.51,129.51,129.51,--,--,0.00,100000.00,100000.00
2012-01-13,128.84,128.84,128.84,--,--,0.00,100000.00,100000.00
2012-01-17,129.34,129.34,129.34,--,--,0.00,100000.00,100000.00
2012-01-18,130.77,130.77,130.77,--,--,0.00,100000.00,100000.00
2012-01-19,131.46,131.46,131.46,--,--,0.00,100000.00,100000.00
2012-01-20,131.95,131.95,131.95,--,--,0.00,100000.00,100000.00
2012-01-23,131.61,131.61,131.61,--,--,0.00,100000.00,100000.00
2012-01-24,131.46,131.46,131.46,--,--,0.00,100000.00,100000.00
2012-01-25,132.56,132.56,132.56,--,--,0.00,100000.00,100000.00
2012-01-26,131.88,131.88,131.88,--,--,0.00,100000.00,100000.00
2012-01-27,131.82,131.82,131.82,--,--,0.00,100000.00,100000.00
2012-01-30,131.37,131.37,131.37,--,--,0.00,100000.00,100000.00
2012-01-31,131.32,131.32,131.32,--,--,0.00,100000.00,100000.00
2012-02-01,132.47,132.47,132.47,--,--,0.00,100000.00,100000.00
2012-02-02,132.68,132.68,132.68,--,--,0.00,100000.00,100000.00
2012-02-03,134.54,134.54,134.54,--,--,0.00,100000.00,100000.00
2012-02-06,134.45,134.45,134.45,--,--,0.00,100000.00,100000.00
2012-02-07,134.79,134.79,134.79,--,--,0.00,100000.00,100000.00
2012-02-08,135.19,135.19,135.19,--,--,0.00,100000.00,100000.00
2012-02-09,135.36,135.36,135.36,--,--,0.00,100000.00,100000.00
2012-02-10,134.36,134.36,134.36,--,--,0.00,100000.00,100000.00
2012-02-13,135.36,135.36,135.36,--,--,0.00,100000.00,100000.00
2012-02-14,135.19,135.19,135.19,--,--,0.00,100000.00,100000.00
2012-02-15,134.56,134.56,134.56,--,--,0.00,100000.00,100000.00
2012-02-16,136.05,136.05,136.05,--,--,0.00,100000.00,100000.00
2012-02-17,136.41,136.41,136.41,--,--,0.00,100000.00,100000.00
2012-02-21,136.47,136.47,136.47,--,--,0.00,100000.00,100000.00
2012-02-22,136.03,136.03,136.03,--,--,0.00,100000.00,100000.00
2012-02-23,136.63,136.63,136.63,--,--,0.00,100000.00,100000.00
2012-02-24,136.93,136.93,136.93,--,--,0.00,100000.00,100000.00
2012-02-27,137.16,137.16,137.16,--,--,0.00,100000.00,100000.00
2012-02-28,137.56,137.56,137.56,--,--,0.00,100000.00,100000.00
2012-02-29,137.02,137.02,137.02,--,--,0.00,100000.00,100000.00
2012-03-01,137.73,137.73,137.73,--,--,0.00,100000.00,100000.00
2012-03-02,137.31,137.31,137.31,--,--,0.00,100000.00,100000.00
2012-03-05,136.75,136.75,136.75,--,--,0.00,100000.00,100000.00
2012-03-06,134.75,134.75,134.75,--,--,0.00,100000.00,100000.00
2012-03-07,135.69,135.69,135.69,--,--,0.00,100000.00,100000.00
2012-03-08,137.04,137.04,137.04,--,--,0.00,100000.00,100000.00
2012-03-09,137.57,137.57,137.57,--,--,0.00,100000.00,100000.00
2012-03-12,137.58,137.58,137.58,--,--,0.00,100000.00,100000.00
2012-03-13,140.06,140.06,140.06,--,--,0.00,100000.00,100000.00
2012-03-14,139.91,139.91,139.91,--,--,0.00,100000.00,100000.00
2012-03-15,140.72,140.72,140.72,--,--,0.00,100000.00,100000.00
2012-03-16,140.30,140.30,140.30,--,--,0.00,100000.00,100000.00
2012-03-19,140.85,140.85,140.85,--,--,0.00,100000.00,100000.00
2012-03-20,140.44,140.44,140.44,--,--,0.00,100000.00,100000.00
2012-03-21,140.21,140.21,140.21,--,--,0.00,100000.00,100000.00
2012-03-22,139.20,139.20,139.20,--,--,0.00,100000.00,100000.00
2012-03-23,139.65,139.65,139.65,--,--,0.00,100000.00,100000.00
2012-03-26,141.61,141.61,141.61,--,--,0.00,100000.00,100000.00
2012-03-27,141.17,141.17,141.17,--,--,0.00,100000.00,100000.00
2012-03-28,140.47,140.47,140.47,--,--,0.00,100000.00,100000.00
2012-03-29,140.23,140.23,140.23,--,--,0.00,100000.00,100000.00
2012-03-30,140.81,140.81,140.81,--,--,0.00,100000.00,100000.00
2012-04-02,141.84,141.84,141.84,--,--,0.00,100000.00,100000.00
2012-04-03,141.26,141.26,141.26,--,--,0.00,100000.00,100000.00
2012-04-04,139.86,139.86,139.86,--,--,0.00,100000.00,100000.00
2012-04-05,139.79,139.79,139.79,--,--,0.00,100000.00,100000.00
2012-04-09,138.22,138.22,138.22,--,--,0.00,100000.00,100000.00
2012-04-10,135.90,135.90,135.90,--,--,0.00,100000.00,100000.00
2012-04-11,137.00,137.00,137.00,--,--,0.00,100000.00,100000.00
2012-04-12,138.79,138.79,138.79,--,--,0.00,100000.00,100000.00
2012-04-13,137.14,137.14,137.14,--,--,0.00,100000.00,100000.00
2012-04-16,137.05,137.05,137.05,--,--,0.00,100000.00,100000.00
2012-04-17,139.08,139.08,139.08,--,--,0.00,100000.00,100000.00
2012-04-18,138.61,138.61,138.61,--,--,0.00,100000.00,100000.00
2012-04-19,137.72,137.72,137.72,--,--,0.00,100000.00,100000.00
2012-04-20,137.95,137.95,137.95,--,--,0.00,100000.00,100000.00
2012-04-23,136.79,136.79,136.79,--,--,0.00,100000.00,100000.00
2012-04-24,137.31,137.31,137.31,--,--,0.00,100000.00,100000.00
2012-04-25,139.19,139.19,139.19,--,--,0.00,100000.00,100000.00
2012-04-26,140.16,140.16,140.16,--,--,0.00,100000.00,100000.00
2012-04-27,140.39,140.39,140.39,--,--,0.00,100000.00,100000.00
2012-04-30,139.87,139.87,139.87,--,--,0.00,100000.00,100000.00
2012-05-01,140.74,140.74,140.74,--,--,0.00,100000.00,100000.00
2012-05-02,140.32,140.32,140.32,--,--,0.00,100000.00,100000.00
2012-05-03,139.25,139.25,139.25,--,--,0.00,100000.00,100000.00
2012-05-04,137.00,137.00,137.00,--,--,0.00,100000.00,100000.00
2012-05-07,137.10,137.10,137.10,--,--,0.00,100000.00,100000.00
2012-05-08,136.55,136.55,136.55,--,--,0.00,100000.00,100000.00
2012-05-09,135.74,135.74,135.74,--,--,0.00,100000.00,100000.00
2012-05-10,136.02,136.02,136.02,--,--,0.00,100000.00,100000.00
2012-05-11,135.61,135.61,135.61,--,--,0.00,100000.00,100000.00
2012-05-14,134.11,134.11,134.11,--,--,0.00,100000.00,100000.00
2012-05-15,133.34,133.34,133.34,--,--,0.00,100000.00,100000.00
2012-05-16,132.83,132.83,132.83,--,--,0.00,100000.00,100000.00
2012-05-17,130.86,130.86,130.86,--,--,0.00,100000.00,100000.00
2012-05-18,129.74,129.74,129.74,--,--,0.00,100000.00,100000.00
2012-05-21,131.97,131.97,131.97,--,--,0.00,100000.00,100000.00
2012-05-22,132.20,132.20,132.20,--,--,0.00,100000.00,100000.00
2012-05-23,132.27,132.27,132.27,--,--,0.00,100000.00,100000.00
2012-05-24,132.53,132.53,132.53,--,--,0.00,100000.00,100000.00
2012-05-25,132.10,132.10,132.10,--,--,0.00,100000.00,100000.00
2012-05-29,133.70,133.70,133.70,--,--,0.00,100000.00,100000.00
2012-05-30,131.76,131.76,131.76,--,--,0.00,100000.00,100000.00
2012-05-31,131.47,131.47,131.47,--,--,0.00,100000.00,100000.00
2012-06-01,128.16,128.16,128.16,--,--,0.00,100000.00,100000.00
2012-06-04,128.10,128.10,128.10,--,--,0.00,100000.00,100000.00
2012-06-05,129.07,129.07,129.07,--,--,0.00,100000.00,100000.00
2012-06-06,131.97,131.97,131.97,--,--,0.00,100000.00,100000.00
2012-06-07,132.05,132.05,132.05,--,--,0.00,100000.00,100000.00
2012-06-08,133.10,133.10,133.10,--,--,0.00,100000.00,100000.00
2012-06-11,131.41,131.41,131.41,--,--,0.00,100000.00,100000.00
2012-06-12,132.92,132.92,132.92,--,--,0.00,100000.00,100000.00
2012-06-13,132.07,132.07,132.07,--,--,0.00,100000.00,100000.00
2012-06-14,133.47,133.47,133.47,--,--,0.00,100000.00,100000.00
2012-06-15,134.14,134.14,134.14,--,--,0.00,100000.00,100000.00
2012-06-18,134.40,134.40,134.40,--,--,0.00,100000.00,100000.00
2012-06-19,135.70,135.70,135.70,--,--,0.00,100000.00,100000.00
2012-06-20,135.48,135.48,135.48,--,--,0.00,100000.00,100000.00
2012-06-21,132.44,132.44,132.44,--,--,0.00,100000.00,100000.00
2012-06-22,133.46,133.46,133.46,--,--,0.00,100000.00,100000.00
2012-06-25,131.32,131.32,131.32,--,--,0.00,100000.00,100000.00
2012-06-26,131.98,131.98,131.98,--,--,0.00,100000.00,100000.00
2012-06-27,133.17,133.17,133.17,--,--,0.00,100000.00,100000.00
2012-06-28,132.79,132.79,132.79,--,--,0.00,100000.00,100000.00
2012-06-29,136.10,136.10,136.10,--,--,0.00,100000.00,100000.00
2012-07-02,136.51,136.51,136.51,--,--,0.00,100000.00,100000.00
2012-07-03,137.41,137.41,137.41,--,--,0.00,100000.00,100000.00
2012-07-05,136.79,136.79,136.79,--,--,0.00,100000.00,100000.00
2012-07-06,135.49,135.49,135.49,--,--,0.00,100000.00,100000.00
2012-07-09,135.32,135.32,135.32,--,--,0.00,100000.00,100000.00
2012-07-10,134.14,134.14,134.14,--,--,0.00,100000.00,100000.00
2012-07-11,134.16,134.16,134.16,--,--,0.00,100000.00,100000.00
2012-07-12,133.51,133.51,133.51,--,--,0.00,100000.00,100000.00
2012-07-13,135.75,135.75,135.75,--,--,0.00,100000.00,100000.00
2012-07-16,135.43,135.43,135.43,--,--,0.00,100000.00,100000.00
2012-07-17,136.36,136.36,136.36,--,--,0.00,100000.00,100000.00
2012-07-18,137.37,137.37,137.37,--,--,0.00,100000.00,100000.00
2012-07-19,137.73,137.73,137.73,--,--,0.00,100000.00,100000.00
2012-07-20,136.47,136.47,136.47,--,--,0.00,100000.00,100000.00
2012-07-23,135.09,135.09,135.09,--,--,0.00,100000.00,100000.00
2012-07-24,133.93,133.93,133.93,--,--,0.00,100000.00,100000.00
2012-07-25,133.96,133.96,133.96,--,--,0.00,100000.00,100000.00
2012-07-26,136.17,136.17,136.17,--,--,0.00,100000.00,100000.00
2012-07-27,138.68,138.68,138.68,--,--,0.00,100000.00,100000.00
2012-07-30,138.68,138.68,138.68,--,--,0.00,100000.00,100000.00
2012-07-31,137.71,137.71,137.71,--,--,0.00,100000.00,100000.00
2012-08-01,137.59,137.59,137.59,--,--,0.00,100000.00,100000.00
2012-08-02,136.64,136.64,136.64,--,--,0.00,100000.00,100000.00
2012-08-03,139.35,139.35,139.35,--,--,0.00,100000.00,100000.00
2012-08-06,139.62,139.62,139.62,--,--,0.00,100000.00,100000.00
2012-08-07,140.32,140.32,140.32,--,--,0.00,100000.00,100000.00
2012-08-08,140.49,140.49,140.49,--,--,0.00,100000.00,100000.00
2012-08-09,140.61,140.61,140.61,--,--,0.00,100000.00,100000.00
2012-08-10,140.84,140.84,140.84,--,--,0.00,100000.00,100000.00
2012-08-13,140.77,140.77,140.77,--,--,0.00,100000.00,100000.00
2012-08-14,140.79,140.79,140.79,--,--,0.00,100000.00,100000.00
2012-08-15,140.95,140.95,140.95,--,--,0.00,100000.00,100000.00
2012-08-16,141.99,141.99,141.99,--,--,0.00,100000.00,100000.00
2012-08-17,142.18,142.18,142.18,--,--,0.00,100000.00,100000.00
2012-08-20,142.19,142.19,142.19,--,--,0.00,100000.00,100000.00
2012-08-21,141.76,141.76,141.76,--,--,0.00,100000.00,100000.00
2012-08-22,141.82,141.82,141.82,--,--,0.00,100000.00,100000.00
2012-08-23,140.66,140.66,140.66,--,--,0.00,100000.00,100000.00
2012-08-24,141.51,141.51,141.51,--,--,0.00,100000.00,100000.00
2012-08-27,141.54,141.54,141.54,--,--,0.00,100000.00,100000.00
2012-08-28,141.40,141.40,141.40,--,--,0.00,100000.00,100000.00
2012-08-29,141.51,141.51,141.51,--,--,0.00,100000.00,100000.00
2012-08-30,140.49,140.49,140.49,--,--,0.00,100000.00,100000.00
2012-08-31,141.16,141.16,141.16,--,--,0.00,100000.00,100000.00
2012-09-04,141.03,141.03,141.03,--,--,0.00,100000.00,100000.00
2012-09-05,140.91,140.91,140.91,--,--,0.00,100000.00,100000.00
2012-09-06,143.77,143.77,143.77,--,--,0.00,100000.00,100000.00
2012-09-07,144.33,144.33,144.33,--,--,0.00,100000.00,100000.00
2012-09-10,143.51,143.51,143.51,--,--,0.00,100000.00,100000.00
2012-09-11,143.91,143.91,143.91,--,--,0.00,100000.00,100000.00
2012-09-12,144.39,144.39,144.39,--,--,0.00,100000.00,100000.00
2012-09-13,146.59,146.59,146.59,--,--,0.00,100000.00,100000.00
2012-09-14,147.24,147.24,147.24,--,--,0.00,100000.00,100000.00
2012-09-17,146.74,146.74,146.74,--,--,0.00,100000.00,100000.00
2012-09-18,146.62,146.62,146.62,--,--,0.00,100000.00,100000.00
2012-09-19,146.70,146.70,146.70,--,--,0.00,100000.00,100000.00
2012-09-20,146.71,146.71,146.71,--,--,0.00,100000.00,100000.00
2012-09-21,145.87,145.87,145.87,--,--,0.00,100000.00,100000.00
2012-09-24,145.65,145.65,145.65,--,--,0.00,100000.00,100000.00
2012-09-25,144.10,144.10,144.10,--,--,0.00,100000.00,100000.00
2012-09-26,143.29,143.29,143.29,--,--,0.00,100000.00,100000.00
2012-09-27,144.64,144.64,144.64,--,--,0.00,100000.00,100000.00
2012-09-28,143.97,143.97,143.97,--,--,0.00,100000.00,100000.00
2012-10-01,144.35,144.35,144.35,--,--,0.00,100000.00,100000.00
2012-10-02,144.50,144.50,144.50,--,--,0.00,100000.00,100000.00
2012-10-03,145.09,145.09,145.09,--,--,0.00,100000.00,100000.00
2012-10-04,146.13,146.13,146.13,--,--,0.00,100000.00,100000.00
2012-10-05,146.14,146.14,146.14,--,--,0.00,100000.00,100000.00
2012-10-08,145.64,145.64,145.64,--,--,0.00,100000.00,100000.00
2012-10-09,144.20,144.20,144.20,--,--,0.00,100000.00,100000.00
2012-10-10,143.28,143.28,143.28,--,--,0.00,100000.00,100000.00
2012-10-11,143.36,143.36,143.36,--,--,0.00,100000.00,100000.00
2012-10-12,142.89,142.89,142.89,--,--,0.00,100000.00,100000.00
2012-10-15,144.08,144.08,144.08,--,--,0.00,100000.00,100000.00
2012-10-16,145.54,145.54,145.54,--,--,0.00,100000.00,100000.00
2012-10-17,146.20,146.20,146.20,--,--,0.00,100000.00,100000.00
2012-10-18,145.82,145.82,145.82,--,--,0.00,100000.00,100000.00
2012-10-19,143.39,143.39,143.39,--,--,0.00,100000.00,100000.00
2012-10-22,143.41,143.41,143.41,--,--,0.00,100000.00,100000.00
2012-10-23,141.42,141.42,141.42,--,--,0.00,100000.00,100000.00
2012-10-24,141.02,141.02,141.02,--,--,0.00,100000.00,100000.00
2012-10-25,141.43,141.43,141.43,--,--,0.00,100000.00,100000.00
2012-10-26,141.35,141.35,141.35,--,--,0.00,100000.00,100000.00
2012-10-31,141.35,141.35,141.35,--,--,0.00,100000.00,100000.00
2012-11-01,142.83,142.83,142.83,--,--,0.00,100000.00,100000.00
2012-11-02,141.56,141.56,141.56,--,--,0.00,100000.00,100000.00
2012-11-05,141.85,141.85,141.85,--,--,0.00,100000.00,100000.00
2012-11-06,142.96,142.96,142.96,--,--,0.00,100000.00,100000.00
2012-11-07,139.72,139.72,139.72,--,--,0.00,100000.00,100000.00
2012-11-08,138.04,138.04,138.04,--,--,0.00,100000.00,100000.00
2012-11-09,138.16,138.16,138.16,--,--,0.00,100000.00,100000.00
2012-11-12,138.27,138.27,138.27,--,--,0.00,100000.00,100000.00
2012-11-13,137.79,137.79,137.79,--,--,0.00,100000.00,100000.00
2012-11-14,135.93,135.93,135.93,--,--,0.00,100000.00,100000.00
2012-11-15,135.70,135.70,135.70,--,--,0.00,100000.00,100000.00
2012-11-16,136.37,136.37,136.37,--,--,0.00,100000.00,100000.00
2012-11-19,139.13,139.13,139.13,--,--,0.00,100000.00,100000.00
2012-11-20,139.19,139.19,139.19,--,--,0.00,100000.00,100000.00
2012-11-21,139.45,139.45,139.45,--,--,0.00,100000.00,100000.00
2012-11-23,141.35,141.35,141.35,--,--,0.00,100000.00,100000.00
2012-11-26,141.05,141.05,141.05,--,--,0.00,100000.00,100000.00
2012-11-27,140.33,140.33,140.33,--,--,0.00,100000.00,100000.00
2012-11-28,141.46,141.46,141.46,--,--,0.00,100000.00,100000.00
2012-11-29,142.12,142.12,142.12,--,--,0.00,100000.00,100000.00
2012-11-30,142.15,142.15,142.15,--,--,0.00,100000.00,100000.00
2012-12-03,141.45,141.45,141.45,--,--,0.00,100000.00,100000.00
2012-12-04,141.25,141.25,141.25,--,--,0.00,100000.00,100000.00
2012-12-05,141.50,141.50,141.50,--,--,0.00,100000.00,100000.00
2012-12-06,141.98,141.98,141.98,--,--,0.00,100000.00,100000.00
2012-12-07,142.41,142.41,142.41,--,--,0.00,100000.00,100000.00
2012-12-10,142.47,142.47,142.47,--,--,0.00,100000.00,100000.00
2012-12-11,143.44,143.44,143.44,--,--,0.00,100000.00,100000.00
2012-12-12,143.51,143.51,143.51,--,--,0.00,100000.00,100000.00
2012-12-13,142.63,142.63,142.63,--,--,0.00,100000.00,100000.00
2012-12-14,142.10,142.10,142.10,--,--,0.00,100000.00,100000.00
2012-12-17,143.77,143.77,143.77,--,--,0.00,100000.00,100000.00
2012-12-18,145.37,145.37,145.37,--,--,0.00,100000.00,100000.00
2012-12-19,144.29,144.29,144.29,--,--,0.00,100000.00,100000.00
2012-12-20,145.12,145.12,145.12,--,--,0.00,100000.00,100000.00
2012-12-21,142.79,142.79,142.79,--,--,0.00,100000.00,100000.00
2012-12-24,142.35,142.35,142.35,--,--,0.00,100000.00,100000.00
2012-12-26,141.75,141.75,141.75,--,--,0.00,100000.00,100000.00
2012-12-27,141.56,141.56,141.56,--,--,0.00,100000.00,100000.00
2012-12-28,140.03,140.03,140.03,--,--,0.00,100000.00,100000.00
2012-12-31,142.41,142.41,142.41,--,--,0.00,100000.00,100000.00
2013-01-02,146.06,146.06,146.06,--,--,0.00,100000.00,100000.00
2013-01-03,145.73,145.73,145.73,--,--,0.00,100000.00,100000.00
2013-01-04,146.37,146.37,146.37,--,--,0.00,100000.00,100000.00
2013-01-07,145.97,145.97,145.97,--,--,0.00,100000.00,100000.00
2013-01-08,145.55,145.55,145.55,--,--,0.00,100000.00,100000.00
2013-01-09,145.92,145.92,145.92,--,--,0.00,100000.00,100000.00
2013-01-10,147.08,147.08,147.08,--,--,0.00,100000.00,100000.00
2013-01-11,147.07,147.07,147.07,--,--,0.00,100000.00,100000.00
2013-01-14,146.97,146.97,146.97,--,--,0.00,100000.00,100000.00
2013-01-15,147.07,147.07,147.07,--,--,0.00,100000.00,100000.00
2013-01-16,147.05,147.05,147.05,--,--,0.00,100000.00,100000.00
2013-01-17,148.00,148.00,148.00,--,--,0.00,100000.00,100000.00
2013-01-18,148.33,148.33,148.33,--,--,0.00,100000.00,100000.00
2013-01-22,149.13,149.13,149.13,--,--,0.00,100000.00,100000.00
2013-01-23,149.37,149.37,149.37,--,--,0.00,100000.00,100000.00
2013-01-24,149.41,149.41,149.41,--,--,0.00,100000.00,100000.00
2013-01-25,150.25,150.25,150.25,--,--,0.00,100000.00,100000.00
2013-01-28,150.07,150.07,150.07,--,--,0.00,100000.00,100000.00
2013-01-29,150.66,150.66,150.66,--,--,0.00,100000.00,100000.00
2013-01-30,150.07,150.07,150.07,--,--,0.00,100000.00,100000.00
2013-01-31,149.70,149.70,149.70,--,--,0.00,100000.00,100000.00
2013-02-01,151.24,151.24,151.24,--,--,0.00,100000.00,100000.00
2013-02-04,149.54,149.54,149.54,--,--,0.00,100000.00,100000.00
2013-02-05,151.05,151.05,151.05,--,--,0.00,100000.00,100000.00
2013-02-06,151.16,151.16,151.16,--,--,0.00,100000.00,100000.00
2013-02-07,150.96,150.96,150.96,--,--,0.00,100000.00,100000.00
2013-02-08,151.80,151.80,151.80,--,--,0.00,100000.00,100000.00
2013-02-11,151.77,151.77,151.77,--,--,0.00,100000.00,100000.00
2013-02-12,152.02,152.02,152.02,--,--,0.00,100000.00,100000.00
2013-02-13,152.15,152.15,152.15,--,--,0.00,100000.00,100000.00
2013-02-14,152.29,152.29,152.29,--,--,0.00,100000.00,100000.00
2013-02-15,152.11,152.11,152.11,--,--,0.00,100000.00,100000.00
2013-02-19,153.25,153.25,153.25,--,--,0.00,100000.00,100000.00
2013-02-20,151.34,151.34,151.34,--,--,0.00,100000.00,100000.00
2013-02-21,150.42,150.42,150.42,--,--,0.00,100000.00,100000.00
2013-02-22,151.89,151.89,151.89,--,--,0.00,100000.00,100000.00
2013-02-25,149.00,149.00,149.00,--,--,0.00,100000.00,100000.00
2013-02-26,150.02,150.02,150.02,--,--,0.00,100000.00,100000.00
2013-02-27,151.91,151.91,151.91,--,--,0.00,100000.00,100000.00
2013-02-28,151.61,151.61,151.61,--,--,0.00,100000.00,100000.00
2013-03-01,152.11,152.11,152.11,--,--,0.00,100000.00,100000.00
2013-03-04,152.92,152.92,152.92,--,--,0.00,100000.00,100000.00
2013-03-05,154.29,154.29,154.29,--,--,0.00,100000.00,100000.00
2013-03-06,154.50,154.50,154.50,--,--,0.00,100000.00,100000.00
2013-03-07,154.78,154.78,154.78,--,--,0.00,100000.00,100000.00
2013-03-08,155.44,155.44,155.44,--,--,0.00,100000.00,100000.00
2013-03-11,156.03,156.03,156.03,--,--,0.00,100000.00,100000.00
2013-03-12,155.68,155.68,155.68,--,--,0.00,100000.00,100000.00
2013-03-13,155.90,155.90,155.90,--,--,0.00,100000.00,100000.00
2013-03-14,156.73,156.73,156.73,--,--,0.00,100000.00,100000.00
2013-03-15,155.83,155.83,155.83,--,--,0.00,100000.00,100000.00
2013-03-18,154.97,154.97,154.97,--,--,0.00,100000.00,100000.00
2013-03-19,154.61,154.61,154.61,--,--,0.00,100000.00,100000.00
2013-03-20,155.69,155.69,155.69,--,--,0.00,100000.00,100000.00
2013-03-21,154.36,154.36,154.36,--,--,0.00,100000.00,100000.00
2013-03-22,155.60,155.60,155.60,--,--,0.00,100000.00,100000.00
2013-03-25,154.95,154.95,154.95,--,--,0.00,100000.00,100000.00
2013-03-26,156.19,156.19,156.19,--,--,0.00,100000.00,100000.00
2013-03-27,156.19,156.19,156.19,--,--,0.00,100000.00,100000.00
2013-03-28,156.67,156.67,156.67,--,--,0.00,100000.00,100000.00
2013-04-01,156.05,156.05,156.05,--,--,0.00,100000.00,100000.00
2013-04-02,156.82,156.82,156.82,--,--,0.00,100000.00,100000.00
2013-04-03,155.23,155.23,155.23,--,--,0.00,100000.00,100000.00
2013-04-04,155.86,155.86,155.86,--,--,0.00,100000.00,100000.00
2013-04-05,155.16,155.16,155.16,--,--,0.00,100000.00,100000.00
2013-04-08,156.21,156.21,156.21,--,--,0.00,100000.00,100000.00
2013-04-09,156.75,156.75,156.75,--,--,0.00,100000.00,100000.00
2013-04-10,158.67,158.67,158.67,--,--,0.00,100000.00,100000.00
2013-04-11,159.19,159.19,159.19,--,--,0.00,100000.00,100000.00
2013-04-12,158.80,158.80,158.80,--,--,0.00,100000.00,100000.00
2013-04-15,155.12,155.12,155.12,--,--,0.00,100000.00,100000.00
2013-04-16,157.41,157.41,157.41,--,--,0.00,100000.00,100000.00
2013-04-17,155.11,155.11,155.11,--,--,0.00,100000.00,100000.00
2013-04-18,154.14,154.14,154.14,--,--,0.00,100000.00,100000.00
2013-04-19,155.48,155.48,155.48,--,--,0.00,100000.00,100000.00
2013-04-22,156.17,156.17,156.17,--,--,0.00,100000.00,100000.00
2013-04-23,157.78,157.78,157.78,--,--,0.00,100000.00,100000.00
2013-04-24,157.88,157.88,157.88,--,--,0.00,100000.00,100000.00
2013-04-25,158.52,158.52,158.52,--,--,0.00,100000.00,100000.00
2013-04-26,158.24,158.24,158.24,--,--,0.00,100000.00,100000.00
2013-04-29,159.30,159.30,159.30,--,--,0.00,100000.00,100000.00
2013-04-30,159.68,159.68,159.68,--,--,0.00,100000.00,100000.00
2013-05-01,158.28,158.28,158.28,--,--,0.00,100000.00,100000.00
2013-05-02,159.75,159.75,159.75,--,--,0.00,100000.00,100000.00
2013-05-03,161.37,161.37,161.37,--,--,0.00,100000.00,100000.00
2013-05-06,161.78,161.78,161.78,--,--,0.00,100000.00,100000.00
2013-05-07,162.60,162.60,162.60,--,--,0.00,100000.00,100000.00
2013-05-08,163.34,163.34,163.34,--,--,0.00,100000.00,100000.00
2013-05-09,162.88,162.88,162.88,--,--,0.00,100000.00,100000.00
2013-05-10,163.41,163.41,163.41,--,--,0.00,100000.00,100000.00
2013-05-13,163.54,163.54,163.54,--,--,0.00,100000.00,100000.00
2013-05-14,165.23,165.23,165.23,--,--,0.00,100000.00,100000.00
2013-05-15,166.12,166.12,166.12,--,--,0.00,100000.00,100000.00
2013-05-16,165.34,165.34,165.34,--,--,0.00,100000.00,100000.00
2013-05-17,166.94,166.94,166.94,--,--,0.00,100000.00,100000.00
2013-05-20,166.93,166.93,166.93,--,--,0.00,100000.00,100000.00
2013-05-21,167.17,167.17,167.17,--,--,0.00,100000.00,100000.00
2013-05-22,165.93,165.93,165.93,--,--,0.00,100000.00,100000.00
2013-05-23,165.45,165.45,165.45,--,--,0.00,100000.00,100000.00
2013-05-24,165.31,165.31,165.31,--,--,0.00,100000.00,100000.00
2013-05-28,166.30,166.30,166.30,--,--,0.00,100000.00,100000.00
2013-05-29,165.22,165.22,165.22,--,--,0.00,100000.00,100000.00
2013-05-30,165.83,165.83,165.83,--,--,0.00,100000.00,100000.00
2013-05-31,163.45,163.45,163.45,--,--,0.00,100000.00,100000.00
2013-06-03,164.35,164.35,164.35,--,--,0.00,100000.00,100000.00
2013-06-04,163.56,163.56,163.56,--,--,0.00,100000.00,100000.00
2013-06-05,161.27,161.27,161.27,--,--,0.00,100000.00,100000.00
2013-06-06,162.73,162.73,162.73,--,--,0.00,100000.00,100000.00
2013-06-07,164.80,164.80,164.80,--,--,0.00,100000.00,100000.00
2013-06-10,164.80,164.80,164.80,--,--,0.00,100000.00,100000.00
2013-06-11,163.10,163.10,163.10,--,--,0.00,100000.00,100000.00
2013-06-12,161.75,161.75,161.75,--,--,0.00,100000.00,100000.00
2013-06-13,164.21,164.21,164.21,--,--,0.00,100000.00,100000.00
2013-06-14,163.18,163.18,163.18,--,--,0.00,100000.00,100000.00
2013-06-17,164.44,164.44,164.44,--,--,0.00,100000.00,100000.00
2013-06-18,165.74,165.74,165.74,--,--,0.00,100000.00,100000.00
2013-06-19,163.45,163.45,163.45,--,--,0.00,100000.00,100000.00
2013-06-20,159.40,159.40,159.40,--,--,0.00,100000.00,100000.00
2013-06-21,159.07,159.07,159.07,--,--,0.00,100000.00,100000.00
2013-06-24,157.06,157.06,157.06,--,--,0.00,100000.00,100000.00
2013-06-25,158.57,158.57,158.57,--,--,0.00,100000.00,100000.00
2013-06-26,160.14,160.14,160.14,--,--,0.00,100000.00,100000.00
2013-06-27,161.08,161.08,161.08,--,--,0.00,100000.00,100000.00
2013-06-28,160.42,160.42,160.42,--,--,0.00,100000.00,100000.00
2013-07-01,161.36,161.36,161.36,--,--,0.00,100000.00,100000.00
2013-07-02,161.21,161.21,161.21,--,--,0.00,100000.00,100000.00
2013-07-03,161.28,161.28,161.28,--,--,0.00,100000.00,100000.00
2013-07-05,163.02,163.02,163.02,--,--,0.00,100000.00,100000.00
2013-07-08,163.95,163.95,163.95,--,--,0.00,100000.00,100000.00
2013-07-09,165.13,165.13,165.13,--,--,0.00,100000.00,100000.00
2013-07-10,165.19,165.19,165.19,--,--,0.00,100000.00,100000.00
2013-07-11,167.44,167.44,167.44,--,--,0.00,100000.00,100000.00
2013-07-12,167.51,167.51,167.51,--,--,0.00,100000.00,100000.00
2013-07-15,168.15,168.15,168.15,--,--,0.00,100000.00,100000.00
2013-07-16,167.52,167.52,167.52,--,--,0.00,100000.00,100000.00
2013-07-17,167.95,167.95,167.95,--,--,0.00,100000.00,100000.00
2013-07-18,168.87,168.87,168.87,--,--,0.00,100000.00,100000.00
2013-07-19,169.17,169.17,169.17,--,--,0.00,100000.00,100000.00
2013-07-22,169.50,169.50,169.50,--,--,0.00,100000.00,100000.00
2013-07-23,169.14,169.14,169.14,--,--,0.00,100000.00,100000.00
2013-07-24,168.52,168.52,168.52,--,--,0.00,100000.00,100000.00
2013-07-25,168.93,168.93,168.93,--,--,0.00,100000.00,100000.00
2013-07-26,169.11,169.11,169.11,--,--,0.00,100000.00,100000.00
2013-07-29,168.59,168.59,168.59,--,--,0.00,100000.00,100000.00
2013-07-30,168.59,168.59,168.59,--,--,0.00,100000.00,100000.00
2013-07-31,168.71,168.71,168.71,--,--,0.00,100000.00,100000.00
2013-08-01,170.66,170.66,170.66,--,--,0.00,100000.00,100000.00
2013-08-02,170.95,170.95,170.95,--,--,0.00,100000.00,100000.00
2013-08-05,170.70,170.70,170.70,--,--,0.00,100000.00,100000.00
2013-08-06,169.73,169.73,169.73,--,--,0.00,100000.00,100000.00
2013-08-07,169.18,169.18,169.18,--,--,0.00,100000.00,100000.00
2013-08-08,169.80,169.80,169.80,--,--,0.00,100000.00,100000.00
2013-08-09,169.31,169.31,169.31,--,--,0.00,100000.00,100000.00
2013-08-12,169.11,169.11,169.11,--,--,0.00,100000.00,100000.00
2013-08-13,169.61,169.61,169.61,--,--,0.00,100000.00,100000.00
2013-08-14,168.74,168.74,168.74,--,--,0.00,100000.00,100000.00
2013-08-15,166.38,166.38,166.38,--,--,0.00,100000.00,100000.00
2013-08-16,165.83,165.83,165.83,--,--,0.00,100000.00,100000.00
2013-08-19,164.77,164.77,164.77,--,--,0.00,100000.00,100000.00
2013-08-20,165.58,165.58,165.58,--,--,0.00,100000.00,100000.00
2013-08-21,164.56,164.56,164.56,--,--,0.00,100000.00,100000.00
2013-08-22,166.06,166.06,166.06,--,--,0.00,100000.00,100000.00
2013-08-23,166.62,166.62,166.62,--,--,0.00,100000.00,100000.00
2013-08-26,166.00,166.00,166.00,--,--,0.00,100000.00,100000.00
2013-08-27,163.33,163.33,163.33,--,--,0.00,100000.00,100000.00
2013-08-28,163.91,163.91,163.91,--,--,0.00,100000.00,100000.00
2013-08-29,164.17,164.17,164.17,--,--,0.00,100000.00,100000.00
2013-08-30,163.65,163.65,163.65,--,--,0.00,100000.00,100000.00
2013-09-03,164.39,164.39,164.39,--,--,0.00,100000.00,100000.00
2013-09-04,165.75,165.75,165.75,--,--,0.00,100000.00,100000.00
2013-09-05,165.96,165.96,165.96,--,--,0.00,100000.00,100000.00
2013-09-06,166.04,166.04,166.04,--,--,0.00,100000.00,100000.00
2013-09-09,167.63,167.63,167.63,--,--,0.00,100000.00,100000.00
2013-09-10,168.87,168.87,168.87,--,--,0.00,100000.00,100000.00
2013-09-11,169.40,169.40,169.40,--,--,0.00,100000.00,100000.00
2013-09-12,168.95,168.95,168.95,--,--,0.00,100000.00,100000.00
2013-09-13,169.33,169.33,169.33,--,--,0.00,100000.00,100000.00
2013-09-16,170.31,170.31,170.31,--,--,0.00,100000.00,100000.00
2013-09-17,171.07,171.07,171.07,--,--,0.00,100000.00,100000.00
2013-09-18,173.05,173.05,173.05,--,--,0.00,100000.00,100000.00
2013-09-19,172.76,172.76,172.76,--,--,0.00,100000.00,100000.00
2013-09-20,170.72,170.72,170.72,--,--,0.00,100000.00,100000.00
2013-09-23,169.93,169.93,169.93,--,--,0.00,100000.00,100000.00
2013-09-24,169.53,169.53,169.53,--,--,0.00,100000.00,100000.00
2013-09-25,169.04,169.04,169.04,--,--,0.00,100000.00,100000.00
2013-09-26,169.69,169.69,169.69,--,--,0.00,100000.00,100000.00
2013-09-27,168.91,168.91,168.91,--,--,0.00,100000.00,100000.00
2013-09-30,168.01,168.01,168.01,--,--,0.00,100000.00,100000.00
2013-10-01,169.34,169.34,169.34,--,--,0.00,100000.00,100000.00
2013-10-02,169.18,169.18,169.18,--,--,0.00,100000.00,100000.00
2013-10-03,167.62,167.62,167.62,--,--,0.00,100000.00,100000.00
2013-10-04,168.89,168.89,168.89,--,--,0.00,100000.00,100000.00
2013-10-07,167.43,167.43,167.43,--,--,0.00,100000.00,100000.00
2013-10-08,165.48,165.48,165.48,--,--,0.00,100000.00,100000.00
2013-10-09,165.60,165.60,165.60,--,--,0.00,100000.00,100000.00
2013-10-10,169.17,169.17,169.17,--,--,0.00,100000.00,100000.00
2013-10-11,170.26,170.26,170.26,--,--,0.00,100000.00,100000.00
2013-10-14,170.94,170.94,170.94,--,--,0.00,100000.00,100000.00
2013-10-15,169.70,169.70,169.70,--,--,0.00,100000.00,100000.00
2013-10-16,172.07,172.07,172.07,--,--,0.00,100000.00,100000.00
2013-10-17,173.22,173.22,173.22,--,--,0.00,100000.00,100000.00
2013-10-18,174.39,174.39,174.39,--,--,0.00,100000.00,100000.00
2013-10-21,174.40,174.40,174.40,--,--,0.00,100000.00,100000.00
2013-10-22,175.41,175.41,175.41,--,--,0.00,100000.00,100000.00
2013-10-23,174.57,174.57,174.57,--,--,0.00,100000.00,100000.00
2013-10-24,175.15,175.15,175.15,--,--,0.00,100000.00,100000.00
2013-10-25,175.95,175.95,175.95,--,--,0.00,100000.00,100000.00
2013-10-28,176.23,176.23,176.23,--,--,0.00,100000.00,100000.00
2013-10-29,177.17,177.17,177.17,--,--,0.00,100000.00,100000.00
2013-10-30,176.29,176.29,176.29,--,--,0.00,100000.00,100000.00
2013-10-31,175.79,175.79,175.79,--,--,0.00,100000.00,100000.00
2013-11-01,176.21,176.21,176.21,--,--,0.00,100000.00,100000.00
2013-11-04,176.83,176.83,176.83,--,--,0.00,100000.00,100000.00
2013-11-05,176.27,176.27,176.27,--,--,0.00,100000.00,100000.00
2013-11-06,177.17,177.17,177.17,--,--,0.00,100000.00,100000.00
2013-11-07,174.93,174.93,174.93,--,--,0.00,100000.00,100000.00
2013-11-08,177.29,177.29,177.29,--,--,0.00,100000.00,100000.00
2013-11-11,177.32,177.32,177.32,--,--,0.00,100000.00,100000.00
2013-11-12,176.96,176.96,176.96,--,--,0.00,100000.00,100000.00
2013-11-13,178.38,178.38,178.38,--,--,0.00,100000.00,100000.00
2013-11-14,179.27,179.27,179.27,--,--,0.00,100000.00,100000.00
2013-11-15,180.05,180.05,180.05,--,--,0.00,100000.00,100000.00
2013-11-18,179.42,179.42,179.42,--,--,0.00,100000.00,100000.00
2013-11-19,179.03,179.03,179.03,--,--,0.00,100000.00,100000.00
2013-11-20,178.47,178.47,178.47,--,--,0.00,100000.00,100000.00
2013-11-21,179.91,179.91,179.91,--,--,0.00,100000.00,100000.00
2013-11-22,180.81,180.81,180.81,--,--,0.00,100000.00,100000.00
2013-11-25,180.63,180.63,180.63,--,--,0.00,100000.00,100000.00
2013-11-26,180.68,180.68,180.68,--,--,0.00,100000.00,100000.00
2013-11-27,181.12,181.12,181.12,--,--,0.00,100000.00,100000.00
2013-11-29,181.00,181.00,181.00,--,--,0.00,100000.00,100000.00
2013-12-02,180.53,180.53,180.53,--,--,0.00,100000.00,100000.00
2013-12-03,179.75,179.75,179.75,--,--,0.00,100000.00,100000.00
2013-12-04,179.73,179.73,179.73,--,--,0.00,100000.00,100000.00
2013-12-05,178.94,178.94,178.94,--,--,0.00,100000.00,100000.00
2013-12-06,180.94,180.94,180.94,--,--,0.00,100000.00,100000.00
2013-12-09,181.40,181.40,181.40,--,--,0.00,100000.00,100000.00
2013-12-10,180.75,180.75,180.75,--,--,0.00,100000.00,100000.00
2013-12-11,178.72,178.72,178.72,--,--,0.00,100000.00,100000.00
2013-12-12,178.13,178.13,178.13,--,--,0.00,100000.00,100000.00
2013-12-13,178.11,178.11,178.11,--,--,0.00,100000.00,100000.00
2013-12-16,179.22,179.22,179.22,--,--,0.00,100000.00,100000.00
2013-12-17,178.65,178.65,178.65,--,--,0.00,100000.00,100000.00
2013-12-18,181.70,181.70,181.70,--,--,0.00,100000.00,100000.00
2013-12-19,181.49,181.49,181.49,--,--,0.00,100000.00,100000.00
2013-12-20,181.56,181.56,181.56,--,--,0.00,100000.00,100000.00
2013-12-23,182.53,182.53,182.53,--,--,0.00,100000.00,100000.00
2013-12-24,182.93,182.93,182.93,--,--,0.00,100000.00,100000.00
2013-12-26,183.86,183.86,183.86,--,--,0.00,100000.00,100000.00
2013-12-27,183.85,183.85,183.85,--,--,0.00,100000.00,100000.00
2013-12-30,183.82,183.82,183.82,--,--,0.00,100000.00,100000.00
2013-12-31,184.69,184.69,184.69,--,--,0.00,100000.00,100000.00
2014-01-02,182.92,182.92,182.92,--,--,0.00,100000.00,100000.00
2014-01-03,182.89,182.89,182.89,--,--,0.00,100000.00,100000.00
2014-01-06,182.36,182.36,182.36,--,--,0.00,100000.00,100000.00
2014-01-07,183.48,183.48,183.48,--,--,0.00,100000.00,100000.00
2014-01-08,183.52,183.52,183.52,--,--,0.00,100000.00,100000.00
2014-01-09,183.64,183.64,183.64,--,--,0.00,100000.00,100000.00
2014-01-10,184.14,184.14,184.14,--,--,0.00,100000.00,100000.00
2014-01-13,181.69,181.69,181.69,--,--,0.00,100000.00,100000.00
2014-01-14,183.67,183.67,183.67,--,--,0.00,100000.00,100000.00
2014-01-15,184.66,184.66,184.66,--,--,0.00,100000.00,100000.00
2014-01-16,184.42,184.42,184.42,--,--,0.00,100000.00,100000.00
2014-01-17,183.64,183.64,183.64,--,--,0.00,100000.00,100000.00
2014-01-21,184.18,184.18,184.18,--,--,0.00,100000.00,100000.00
2014-01-22,184.30,184.30,184.30,--,--,0.00,100000.00,100000.00
2014-01-23,182.79,182.79,182.79,--,--,0.00,100000.00,100000.00
2014-01-24,178.89,178.89,178.89,--,--,0.00,100000.00,100000.00
2014-01-27,178.01,178.01,178.01,--,--,0.00,100000.00,100000.00
2014-01-28,179.07,179.07,179.07,--,--,0.00,100000.00,100000.00
2014-01-29,177.35,177.35,177.35,--,--,0.00,100000.00,100000.00
2014-01-30,179.23,179.23,179.23,--,--,0.00,100000.00,100000.00
2014-01-31,178.18,178.18,178.18,--,--,0.00,100000.00,100000.00
2014-02-03,174.17,174.17,174.17,--,--,0.00,100000.00,100000.00
2014-02-04,175.39,175.39,175.39,--,--,0.00,100000.00,100000.00
2014-02-05,175.17,175.17,175.17,--,--,0.00,100000.00,100000.00
2014-02-06,177.48,177.48,177.48,--,--,0.00,100000.00,100000.00
2014-02-07,179.68,179.68,179.68,--,--,0.00,100000.00,100000.00
2014-02-10,180.01,180.01,180.01,--,--,0.00,100000.00,100000.00
2014-02-11,181.98,181.98,181.98,--,--,0.00,100000.00,100000.00
2014-02-12,182.07,182.07,182.07,--,--,0.00,100000.00,100000.00
2014-02-13,183.01,183.01,183.01,--,--,0.00,100000.00,100000.00
2014-02-14,184.02,184.02,184.02,--,--,0.00,100000.00,100000.00
2014-02-18,184.24,184.24,184.24,--,--,0.00,100000.00,100000.00
2014-02-19,183.02,183.02,183.02,--,--,0.00,100000.00,100000.00
2014-02-20,184.10,184.10,184.10,--,--,0.00,100000.00,100000.00
2014-02-21,183.89,183.89,183.89,--,--,0.00,100000.00,100000.00
2014-02-24,184.91,184.91,184.91,--,--,0.00,100000.00,100000.00
2014-02-25,184.84,184.84,184.84,--,--,0.00,100000.00,100000.00
2014-02-26,184.85,184.85,184.85,--,--,0.00,100000.00,100000.00
2014-02-27,185.82,185.82,185.82,--,--,0.00,100000.00,100000.00
2014-02-28,186.29,186.29,186.29,--,--,0.00,100000.00,100000.00
2014-03-03,184.98,184.98,184.98,--,--,0.00,100000.00,100000.00
2014-03-04,187.58,187.58,187.58,--,--,0.00,100000.00,100000.00
2014-03-05,187.75,187.75,187.75,--,--,0.00,100000.00,100000.00
2014-03-06,188.18,188.18,188.18,--,--,0.00,100000.00,100000.00
2014-03-07,188.26,188.26,188.26,--,--,0.00,100000.00,100000.00
2014-03-10,188.16,188.16,188.16,--,--,0.00,100000.00,100000.00
2014-03-11,187.23,187.23,187.23,--,--,0.00,100000.00,100000.00
2014-03-12,187.28,187.28,187.28,--,--,0.00,100000.00,100000.00
2014-03-13,185.18,185.18,185.18,--,--,0.00,100000.00,100000.00
2014-03-14,184.66,184.66,184.66,--,--,0.00,100000.00,100000.00
2014-03-17,186.33,186.33,186.33,--,--,0.00,100000.00,100000.00
2014-03-18,187.66,187.66,187.66,--,--,0.00,100000.00,100000.00
2014-03-19,186.66,186.66,186.66,--,--,0.00,100000.00,100000.00
2014-03-20,187.75,187.75,187.75,--,--,0.00,100000.00,100000.00
2014-03-21,186.20,186.20,186.20,--,--,0.00,100000.00,100000.00
2014-03-24,185.43,185.43,185.43,--,--,0.00,100000.00,100000.00
2014-03-25,186.31,186.31,186.31,--,--,0.00,100000.00,100000.00
2014-03-26,184.97,184.97,184.97,--,--,0.00,100000.00,100000.00
2014-03-27,184.58,184.58,184.58,--,--,0.00,100000.00,100000.00
2014-03-28,185.49,185.49,185.49,--,--,0.00,100000.00,100000.00
2014-03-31,187.01,187.01,187.01,--,--,0.00,100000.00,100000.00
2014-04-01,188.25,188.25,188.25,--,--,0.00,100000.00,100000.00
2014-04-02,188.88,188.88,188.88,--,--,0.00,100000.00,100000.00
2014-04-03,188.63,188.63,188.63,--,--,0.00,100000.00,100000.00
2014-04-04,186.40,186.40,186.40,--,--,0.00,100000.00,100000.00
2014-04-07,184.34,184.34,184.34,--,--,0.00,100000.00,100000.00
2014-04-08,185.10,185.10,185.10,--,--,0.00,100000.00,100000.00
2014-04-09,187.09,187.09,187.09,--,--,0.00,100000.00,100000.00
2014-04-10,183.16,183.16,183.16,--,--,0.00,100000.00,100000.00
2014-04-11,181.51,181.51,181.51,--,--,0.00,100000.00,100000.00
2014-04-14,182.94,182.94,182.94,--,--,0.00,100000.00,100000.00
2014-04-15,184.20,184.20,184.20,--,--,0.00,100000.00,100000.00
2014-04-16,186.13,186.13,186.13,--,--,0.00,100000.00,100000.00
2014-04-17,186.39,186.39,186.39,--,--,0.00,100000.00,100000.00
2014-04-21,187.04,187.04,187.04,--,--,0.00,100000.00,100000.00
2014-04-22,187.89,187.89,187.89,--,--,0.00,100000.00,100000.00
2014-04-23,187.45,187.45,187.45,--,--,0.00,100000.00,100000.00
2014-04-24,187.83,187.83,187.83,--,--,0.00,100000.00,100000.00
2014-04-25,186.29,186.29,186.29,--,--,0.00,100000.00,100000.00
2014-04-28,186.88,186.88,186.88,--,--,0.00,100000.00,100000.00
2014-04-29,187.75,187.75,187.75,--,--,0.00,100000.00,100000.00
2014-04-30,188.31,188.31,188.31,--,--,0.00,100000.00,100000.00
2014-05-01,188.33,188.33,188.33,--,--,0.00,100000.00,100000.00
2014-05-02,188.06,188.06,188.06,--,--,0.00,100000.00,100000.00
2014-05-05,188.42,188.42,188.42,--,--,0.00,100000.00,100000.00
2014-05-06,186.78,186.78,186.78,--,--,0.00,100000.00,100000.00
2014-05-07,187.88,187.88,187.88,--,--,0.00,100000.00,100000.00
2014-05-08,187.68,187.68,187.68,--,--,0.00,100000.00,100000.00
2014-05-09,187.96,187.96,187.96,--,--,0.00,100000.00,100000.00
2014-05-12,189.79,189.79,189.79,--,--,0.00,100000.00,100000.00
2014-05-13,189.96,189.96,189.96,--,--,0.00,100000.00,100000.00
2014-05-14,189.06,189.06,189.06,--,--,0.00,100000.00,100000.00
2014-05-15,187.40,187.40,187.40,--,--,0.00,100000.00,100000.00
2014-05-16,188.05,188.05,188.05,--,--,0.00,100000.00,100000.00
2014-05-19,188.74,188.74,188.74,--,--,0.00,100000.00,100000.00
2014-05-20,187.55,187.55,187.55,--,--,0.00,100000.00,100000.00
2014-05-21,189.13,189.13,189.13,--,--,0.00,100000.00,100000.00
2014-05-22,189.59,189.59,189.59,--,--,0.00,100000.00,100000.00
2014-05-23,190.35,190.35,190.35,--,--,0.00,100000.00,100000.00
2014-05-27,191.52,191.52,191.52,--,--,0.00,100000.00,100000.00
2014-05-28,191.38,191.38,191.38,--,--,0.00,100000.00,100000.00
2014-05-29,192.37,192.37,192.37,--,--,0.00,100000.00,100000.00
2014-05-30,192.68,192.68,192.68,--,--,0.00,100000.00,100000.00
2014-06-02,192.90,192.90,192.90,--,--,0.00,100000.00,100000.00
2014-06-03,192.80,192.80,192.80,--,--,0.00,100000.00,100000.00
2014-06-04,193.19,193.19,193.19,--,--,0.00,100000.00,100000.00
2014-06-05,194.45,194.45,194.45,--,--,0.00,100000.00,100000.00
2014-06-06,195.38,195.38,195.38,--,--,0.00,100000.00,100000.00
2014-06-09,195.58,195.58,195.58,--,--,0.00,100000.00,100000.00
2014-06-10,195.60,195.60,195.60,--,--,0.00,100000.00,100000.00
2014-06-11,194.92,194.92,194.92,--,--,0.00,100000.00,100000.00
2014-06-12,193.54,193.54,193.54,--,--,0.00,100000.00,100000.00
2014-06-13,194.13,194.13,194.13,--,--,0.00,100000.00,100000.00
2014-06-16,194.29,194.29,194.29,--,--,0.00,100000.00,100000.00
2014-06-17,194.83,194.83,194.83,--,--,0.00,100000.00,100000.00
2014-06-18,196.26,196.26,196.26,--,--,0.00,100000.00,100000.00
2014-06-19,196.48,196.48,196.48,--,--,0.00,100000.00,100000.00
2014-06-20,195.94,195.94,195.94,--,--,0.00,100000.00,100000.00
2014-06-23,195.88,195.88,195.88,--,--,0.00,100000.00,100000.00
2014-06-24,194.70,194.70,194.70,--,--,0.00,100000.00,100000.00
2014-06-25,195.58,195.58,195.58,--,--,0.00,100000.00,100000.00
2014-06-26,195.44,195.44,195.44,--,--,0.00,100000.00,100000.00
2014-06-27,195.82,195.82,195.82,--,--,0.00,100000.00,100000.00
2014-06-30,195.72,195.72,195.72,--,--,0.00,100000.00,100000.00
2014-07-01,197.03,197.03,197.03,--,--,0.00,100000.00,100000.00
2014-07-02,197.23,197.23,197.23,--,--,0.00,100000.00,100000.00
2014-07-03,198.20,198.20,198.20,--,--,0.00,100000.00,100000.00
2014-07-07,197.51,197.51,197.51,--,--,0.00,100000.00,100000.00
2014-07-08,196.24,196.24,196.24,--,--,0.00,100000.00,100000.00
2014-07-09,197.12,197.12,197.12,--,--,0.00,100000.00,100000.00
2014-07-10,196.34,196.34,196.34,--,--,0.00,100000.00,100000.00
2014-07-11,196.61,196.61,196.61,--,--,0.00,100000.00,100000.00
2014-07-14,197.60,197.60,197.60,--,--,0.00,100000.00,100000.00
2014-07-15,197.23,197.23,197.23,--,--,0.00,100000.00,100000.00
2014-07-16,197.96,197.96,197.96,--,--,0.00,100000.00,100000.00
2014-07-17,195.71,195.71,195.71,--,--,0.00,100000.00,100000.00
2014-07-18,197.71,197.71,197.71,--,--,0.00,100000.00,100000.00
2014-07-21,197.34,197.34,197.34,--,--,0.00,100000.00,100000.00
2014-07-22,198.20,198.20,198.20,--,--,0.00,100000.00,100000.00
2014-07-23,198.64,198.64,198.64,--,--,0.00,100000.00,100000.00
2014-07-24,198.65,198.65,198.65,--,--,0.00,100000.00,100000.00
2014-07-25,197.72,197.72,197.72,--,--,0.00,100000.00,100000.00
2014-07-28,197.80,197.80,197.80,--,--,0.00,100000.00,100000.00
2014-07-29,196.95,196.95,196.95,--,--,0.00,100000.00,100000.00
2014-07-30,196.98,196.98,196.98,--,--,0.00,100000.00,100000.00
2014-07-31,193.09,193.09,193.09,--,--,0.00,100000.00,100000.00
2014-08-01,192.50,192.50,192.50,--,--,0.00,100000.00,100000.00
2014-08-04,193.89,193.89,193.89,--,--,0.00,100000.00,100000.00
2014-08-05,192.01,192.01,192.01,--,--,0.00,100000.00,100000.00
2014-08-06,192.07,192.07,192.07,--,--,0.00,100000.00,100000.00
2014-08-07,191.03,191.03,191.03,--,--,0.00,100000.00,100000.00
2014-08-08,193.24,193.24,193.24,--,--,0.00,100000.00,100000.00
2014-08-11,193.80,193.80,193.80,--,--,0.00,100000.00,100000.00
2014-08-12,193.53,193.53,193.53,--,--,0.00,100000.00,100000.00
2014-08-13,194.84,194.84,194.84,--,--,0.00,100000.00,100000.00
2014-08-14,195.76,195.76,195.76,--,--,0.00,100000.00,100000.00
2014-08-15,195.72,195.72,195.72,--,--,0.00,100000.00,100000.00
2014-08-18,197.36,197.36,197.36,--,--,0.00,100000.00,100000.00
2014-08-19,198.39,198.39,198.39,--,--,0.00,100000.00,100000.00
2014-08-20,198.92,198.92,198.92,--,--,0.00,100000.00,100000.00
2014-08-21,199.50,199.50,199.50,--,--,0.00,100000.00,100000.00
2014-08-22,199.19,199.19,199.19,--,--,0.00,100000.00,100000.00
2014-08-25,200.20,200.20,200.20,--,--,0.00,100000.00,100000.00
2014-08-26,200.33,200.33,200.33,--,--,0.00,100000.00,100000.00
2014-08-27,200.25,200.25,200.25,--,--,0.00,100000.00,100000.00
2014-08-28,200.14,200.14,200.14,--,--,0.00,100000.00,100000.00
2014-08-29,200.71,200.71,200.71,--,--,0.00,100000.00,100000.00
2014-09-02,200.61,200.61,200.61,--,--,0.00,100000.00,100000.00
2014-09-03,200.50,200.50,200.50,--,--,0.00,100000.00,100000.00
2014-09-04,200.21,200.21,200.21,--,--,0.00,100000.00,100000.00
2014-09-05,201.11,201.11,201.11,--,--,0.00,100000.00,100000.00
2014-09-08,200.59,200.59,200.59,--,--,0.00,100000.00,100000.00
2014-09-09,199.32,199.32,199.32,--,--,0.00,100000.00,100000.00
2014-09-10,200.07,200.07,200.07,--,--,0.00,100000.00,100000.00
2014-09-11,200.30,200.30,200.30,--,--,0.00,100000.00,100000.00
2014-09-12,199.13,199.13,199.13,--,--,0.00,100000.00,100000.00
2014-09-15,198.98,198.98,198.98,--,--,0.00,100000.00,100000.00
2014-09-16,200.48,200.48,200.48,--,--,0.00,100000.00,100000.00
2014-09-17,200.75,200.75,200.75,--,--,0.00,100000.00,100000.00
2014-09-18,201.82,201.82,201.82,--,--,0.00,100000.00,100000.00
2014-09-19,200.70,200.70,200.70,--,--,0.00,100000.00,100000.00
2014-09-22,199.15,199.15,199.15,--,--,0.00,100000.00,100000.00
2014-09-23,198.01,198.01,198.01,--,--,0.00,100000.00,100000.00
2014-09-24,199.56,199.56,199.56,--,--,0.00,100000.00,100000.00
2014-09-25,196.34,196.34,196.34,--,--,0.00,100000.00,100000.00
2014-09-26,197.90,197.90,197.90,--,--,0.00,100000.00,100000.00
2014-09-29,197.54,197.54,197.54,--,--,0.00,100000.00,100000.00
2014-09-30,197.02,197.02,197.02,--,--,0.00,100000.00,100000.00
2014-10-01,194.35,194.35,194.35,--,--,0.00,100000.00,100000.00
2014-10-02,194.38,194.38,194.38,--,--,0.00,100000.00,100000.00
2014-10-03,196.52,196.52,196.52,--,--,0.00,100000.00,100000.00
2014-10-06,196.29,196.29,196.29,--,--,0.00,100000.00,100000.00
2014-10-07,193.26,193.26,193.26,--,--,0.00,100000.00,100000.00
2014-10-08,196.64,196.64,196.64,--,--,0.00,100000.00,100000.00
2014-10-09,192.74,192.74,192.74,--,--,0.00,100000.00,100000.00
2014-10-10,190.54,190.54,190.54,--,--,0.00,100000.00,100000.00
2014-10-13,187.41,187.41,187.41,--,--,0.00,100000.00,100000.00
2014-10-14,187.70,187.70,187.70,--,--,0.00,100000.00,100000.00
2014-10-15,186.43,186.43,186.43,--,--,0.00,100000.00,100000.00
2014-10-16,186.27,186.27,186.27,--,--,0.00,100000.00,100000.00
2014-10-17,188.47,188.47,188.47,--,--,0.00,100000.00,100000.00
2014-10-20,190.30,190.30,190.30,--,--,0.00,100000.00,100000.00
2014-10-21,194.07,194.07,194.07,--,--,0.00,100000.00,100000.00
2014-10-22,192.69,192.69,192.69,--,--,0.00,100000.00,100000.00
2014-10-23,194.93,194.93,194.93,--,--,0.00,100000.00,100000.00
2014-10-24,196.43,196.43,196.43,--,--,0.00,100000.00,100000.00
2014-10-27,196.16,196.16,196.16,--,--,0.00,100000.00,100000.00
2014-10-28,198.41,198.41,198.41,--,--,0.00,100000.00,100000.00
2014-10-29,198.11,198.11,198.11,--,--,0.00,100000.00,100000.00
2014-10-30,199.38,199.38,199.38,--,--,0.00,100000.00,100000.00
2014-10-31,201.66,201.66,201.66,--,--,0.00,100000.00,100000.00
2014-11-03,201.77,201.77,201.77,--,--,0.00,100000.00,100000.00
2014-11-04,201.07,201.07,201.07,--,--,0.00,100000.00,100000.00
2014-11-05,202.34,202.34,202.34,--,--,0.00,100000.00,100000.00
2014-11-06,203.15,203.15,203.15,--,--,0.00,100000.00,100000.00
2014-11-07,203.34,203.34,203.34,--,--,0.00,100000.00,100000.00
2014-11-10,203.98,203.98,203.98,--,--,0.00,100000.00,100000.00
2014-11-11,204.18,204.18,204.18,--,--,0.00,100000.00,100000.00
2014-11-12,203.96,203.96,203.96,--,--,0.00,100000.00,100000.00
2014-11-13,204.19,204.19,204.19,--,--,0.00,100000.00,100000.00
2014-11-14,204.24,204.24,204.24,--,--,0.00,100000.00,100000.00
2014-11-17,204.37,204.37,204.37,--,--,0.00,100000.00,100000.00
2014-11-18,205.55,205.55,205.55,--,--,0.00,100000.00,100000.00
2014-11-19,205.22,205.22,205.22,--,--,0.00,100000.00,100000.00
2014-11-20,205.58,205.58,205.58,--,--,0.00,100000.00,100000.00
2014-11-21,206.68,206.68,206.68,--,--,0.00,100000.00,100000.00
2014-11-24,207.26,207.26,207.26,--,--,0.00,100000.00,100000.00
2014-11-25,207.11,207.11,207.11,--,--,0.00,100000.00,100000.00
2014-11-26,207.64,207.64,207.64,--,--,0.00,100000.00,100000.00
2014-11-28,207.20,207.20,207.20,--,--,0.00,100000.00,100000.00
2014-12-01,205.76,205.76,205.76,--,--,0.00,100000.00,100000.00
2014-12-02,207.09,207.09,207.09,--,--,0.00,100000.00,100000.00
2014-12-03,207.89,207.89,207.89,--,--,0.00,100000.00,100000.00
2014-12-04,207.66,207.66,207.66,--,--,0.00,100000.00,100000.00
2014-12-05,208.00,208.00,208.00,--,--,0.00,100000.00,100000.00
2014-12-08,206.61,206.61,206.61,--,--,0.00,100000.00,100000.00
2014-12-09,206.47,206.47,206.47,--,--,0.00,100000.00,100000.00
2014-12-10,203.16,203.16,203.16,--,--,0.00,100000.00,100000.00
2014-12-11,204.19,204.19,204.19,--,--,0.00,100000.00,100000.00
2014-12-12,200.89,200.89,200.89,--,--,0.00,100000.00,100000.00
2014-12-15,199.51,199.51,199.51,--,--,0.00,100000.00,100000.00
2014-12-16,197.91,197.91,197.91,--,--,0.00,100000.00,100000.00
2014-12-17,201.79,201.79,201.79,--,--,0.00,100000.00,100000.00
2014-12-18,206.78,206.78,206.78,--,--,0.00,100000.00,100000.00
2014-12-19,206.52,206.52,206.52,--,--,0.00,100000.00,100000.00
2014-12-22,207.47,207.47,207.47,--,--,0.00,100000.00,100000.00
2014-12-23,207.75,207.75,207.75,--,--,0.00,100000.00,100000.00
2014-12-24,207.77,207.77,207.77,--,--,0.00,100000.00,100000.00
2014-12-26,208.44,208.44,208.44,--,--,0.00,100000.00,100000.00
2014-12-29,208.72,208.72,208.72,--,--,0.00,100000.00,100000.00
2014-12-30,207.60,207.60,207.60,--,--,0.00,100000.00,100000.00
2014-12-31,205.54,205.54,205.54,--,--,0.00,100000.00,100000.00
2015-01-02,205.43,205.43,205.43,--,--,0.00,100000.00,100000.00
2015-01-05,201.72,201.72,201.72,--,--,0.00,100000.00,100000.00
2015-01-06,199.82,199.82,199.82,--,--,0.00,100000.00,100000.00
2015-01-07,202.31,202.31,202.31,--,--,0.00,100000.00,100000.00
2015-01-08,205.90,205.90,205.90,--,--,0.00,100000.00,100000.00
2015-01-09,204.25,204.25,204.25,--,--,0.00,100000.00,100000.00
2015-01-12,202.65,202.65,202.65,--,--,0.00,100000.00,100000.00
2015-01-13,202.08,202.08,202.08,--,--,0.00,100000.00,100000.00
2015-01-14,200.86,200.86,200.86,--,--,0.00,100000.00,100000.00
2015-01-15,199.02,199.02,199.02,--,--,0.00,100000.00,100000.00
2015-01-16,201.63,201.63,201.63,--,--,0.00,100000.00,100000.00
2015-01-20,202.06,202.06,202.06,--,--,0.00,100000.00,100000.00
2015-01-21,203.08,203.08,203.08,--,--,0.00,100000.00,100000.00
2015-01-22,206.10,206.10,206.10,--,--,0.00,100000.00,100000.00
2015-01-23,204.97,204.97,204.97,--,--,0.00,100000.00,100000.00
2015-01-26,205.45,205.45,205.45,--,--,0.00,100000.00,100000.00
2015-01-27,202.74,202.74,202.74,--,--,0.00,100000.00,100000.00
2015-01-28,200.14,200.14,200.14,--,--,0.00,100000.00,100000.00
2015-01-29,201.99,201.99,201.99,--,--,0.00,100000.00,100000.00
2015-01-30,199.45,199.45,199.45,--,--,0.00,100000.00,100000.00
2015-02-02,201.92,201.92,201.92,--,--,0.00,100000.00,100000.00
2015-02-03,204.84,204.84,204.84,--,--,0.00,100000.00,100000.00
2015-02-04,204.06,204.06,204.06,--,--,0.00,100000.00,100000.00
2015-02-05,206.12,206.12,206.12,--,--,0.00,100000.00,100000.00
2015-02-06,205.55,205.55,205.55,--,--,0.00,100000.00,100000.00
2015-02-09,204.63,204.63,204.63,--,--,0.00,100000.00,100000.00
2015-02-10,206.81,206.81,206.81,--,--,0.00,100000.00,100000.00
2015-02-11,206.93,206.93,206.93,--,--,0.00,100000.00,100000.00
2015-02-12,208.92,208.92,208.92,--,--,0.00,100000.00,100000.00
2015-02-13,209.78,209.78,209.78,--,--,0.00,100000.00,100000.00
2015-02-17,210.11,210.11,210.11,--,--,0.00,100000.00,100000.00
2015-02-18,210.13,210.13,210.13,--,--,0.00,100000.00,100000.00
2015-02-19,209.98,209.98,209.98,--,--,0.00,100000.00,100000.00
2015-02-20,211.24,211.24,211.24,--,--,0.00,100000.00,100000.00
2015-02-23,211.21,211.21,211.21,--,--,0.00,100000.00,100000.00
2015-02-24,211.81,211.81,211.81,--,--,0.00,100000.00,100000.00
2015-02-25,211.63,211.63,211.63,--,--,0.00,100000.00,100000.00
2015-02-26,211.38,211.38,211.38,--,--,0.00,100000.00,100000.00
2015-02-27,210.66,210.66,210.66,--,--,0.00,100000.00,100000.00
2015-03-02,211.99,211.99,211.99,--,--,0.00,100000.00,100000.00
2015-03-03,211.12,211.12,211.12,--,--,0.00,100000.00,100000.00
2015-03-04,210.23,210.23,210.23,--,--,0.00,100000.00,100000.00
2015-03-05,210.46,210.46,210.46,--,--,0.00,100000.00,100000.00
2015-03-06,207.50,207.50,207.50,--,--,0.00,100000.00,100000.00
2015-03-09,208.36,208.36,208.36,--,--,0.00,100000.00,100000.00
2015-03-10,204.98,204.98,204.98,--,--,0.00,100000.00,100000.00
2015-03-11,204.50,204.50,204.50,--,--,0.00,100000.00,100000.00
2015-03-12,207.10,207.10,207.10,--,--,0.00,100000.00,100000.00
2015-03-13,205.83,205.83,205.83,--,--,0.00,100000.00,100000.00
2015-03-16,208.58,208.58,208.58,--,--,0.00,100000.00,100000.00
2015-03-17,207.96,207.96,207.96,--,--,0.00,100000.00,100000.00
2015-03-18,210.46,210.46,210.46,--,--,0.00,100000.00,100000.00
2015-03-19,209.50,209.50,209.50,--,--,0.00,100000.00,100000.00
2015-03-20,210.41,210.41,210.41,--,--,0.00,100000.00,100000.00
2015-03-23,210.00,210.00,210.00,--,--,0.00,100000.00,100000.00
2015-03-24,208.82,208.82,208.82,--,--,0.00,100000.00,100000.00
2015-03-25,205.76,205.76,205.76,--,--,0.00,100000.00,100000.00
2015-03-26,205.27,205.27,205.27,--,--,0.00,100000.00,100000.00
2015-03-27,205.74,205.74,205.74,--,--,0.00,100000.00,100000.00
2015-03-30,208.25,208.25,208.25,--,--,0.00,100000.00,100000.00
2015-03-31,206.43,206.43,206.43,--,--,0.00,100000.00,100000.00
2015-04-01,205.70,205.70,205.70,--,--,0.00,100000.00,100000.00
2015-04-02,206.44,206.44,206.44,--,--,0.00,100000.00,100000.00
2015-04-06,207.83,207.83,207.83,--,--,0.00,100000.00,100000.00
2015-04-07,207.28,207.28,207.28,--,--,0.00,100000.00,100000.00
2015-04-08,207.98,207.98,207.98,--,--,0.00,100000.00,100000.00
2015-04-09,208.90,208.90,208.90,--,--,0.00,100000.00,100000.00
2015-04-10,210.04,210.04,210.04,--,--,0.00,100000.00,100000.00
2015-04-13,209.09,209.09,209.09,--,--,0.00,100000.00,100000.00
2015-04-14,209.49,209.49,209.49,--,--,0.00,100000.00,100000.00
2015-04-15,210.43,210.43,210.43,--,--,0.00,100000.00,100000.00
2015-04-16,210.37,210.37,210.37,--,--,0.00,100000.00,100000.00
2015-04-17,207.95,207.95,207.95,--,--,0.00,100000.00,100000.00
2015-04-20,209.85,209.85,209.85,--,--,0.00,100000.00,100000.00
2015-04-21,209.60,209.60,209.60,--,--,0.00,100000.00,100000.00
2015-04-22,210.63,210.63,210.63,--,--,0.00,100000.00,100000.00
2015-04-23,211.16,211.16,211.16,--,--,0.00,100000.00,100000.00
2015-04-24,211.65,211.65,211.65,--,--,0.00,100000.00,100000.00
2015-04-27,210.77,210.77,210.77,--,--,0.00,100000.00,100000.00
2015-04-28,211.44,211.44,211.44,--,--,0.00,100000.00,100000.00
2015-04-29,210.57,210.57,210.57,--,--,0.00,100000.00,100000.00
2015-04-30,208.46,208.46,208.46,--,--,0.00,100000.00,100000.00
2015-05-01,210.72,210.72,210.72,--,--,0.00,100000.00,100000.00
2015-05-04,211.32,211.32,211.32,--,--,0.00,100000.00,100000.00
2015-05-05,208.90,208.90,208.90,--,--,0.00,100000.00,100000.00
2015-05-06,208.04,208.04,208.04,--,--,0.00,100000.00,100000.00
2015-05-07,208.87,208.87,208.87,--,--,0.00,100000.00,100000.00
2015-05-08,211.62,211.62,211.62,--,--,0.00,100000.00,100000.00
2015-05-11,210.61,210.61,210.61,--,--,0.00,100000.00,100000.00
2015-05-12,209.98,209.98,209.98,--,--,0.00,100000.00,100000.00
2015-05-13,210.02,210.02,210.02,--,--,0.00,100000.00,100000.00
2015-05-14,212.21,212.21,212.21,--,--,0.00,100000.00,100000.00
2015-05-15,212.44,212.44,212.44,--,--,0.00,100000.00,100000.00
2015-05-18,213.10,213.10,213.10,--,--,0.00,100000.00,100000.00
2015-05-19,213.03,213.03,213.03,--,--,0.00,100000.00,100000.00
2015-05-20,212.88,212.88,212.88,--,--,0.00,100000.00,100000.00
2015-05-21,213.50,213.50,213.50,--,--,0.00,100000.00,100000.00
2015-05-22,212.99,212.99,212.99,--,--,0.00,100000.00,100000.00
2015-05-26,210.70,210.70,210.70,--,--,0.00,100000.00,100000.00
2015-05-27,212.70,212.70,212.70,--,--,0.00,100000.00,100000.00
2015-05-28,212.46,212.46,212.46,--,--,0.00,100000.00,100000.00
2015-05-29,211.14,211.14,211.14,--,--,0.00,100000.00,100000.00
2015-06-01,211.57,211.57,211.57,--,--,0.00,100000.00,100000.00
2015-06-02,211.36,211.36,211.36,--,--,0.00,100000.00,100000.00
2015-06-03,211.92,211.92,211.92,--,--,0.00,100000.00,100000.00
2015-06-04,210.13,210.13,210.13,--,--,0.00,100000.00,100000.00
2015-06-05,209.77,209.77,209.77,--,--,0.00,100000.00,100000.00
2015-06-08,208.48,208.48,208.48,--,--,0.00,100000.00,100000.00
2015-06-09,208.45,208.45,208.45,--,--,0.00,100000.00,100000.00
2015-06-10,210.95,210.95,210.95,--,--,0.00,100000.00,100000.00
2015-06-11,211.63,211.63,211.63,--,--,0.00,100000.00,100000.00
2015-06-12,210.01,210.01,210.01,--,--,0.00,100000.00,100000.00
2015-06-15,209.11,209.11,209.11,--,--,0.00,100000.00,100000.00
2015-06-16,210.25,210.25,210.25,--,--,0.00,100000.00,100000.00
2015-06-17,210.59,210.59,210.59,--,--,0.00,100000.00,100000.00
2015-06-18,212.78,212.78,212.78,--,--,0.00,100000.00,100000.00
2015-06-19,210.81,210.81,210.81,--,--,0.00,100000.00,100000.00
2015-06-22,211.89,211.89,211.89,--,--,0.00,100000.00,100000.00
2015-06-23,212.04,212.04,212.04,--,--,0.00,100000.00,100000.00
2015-06-24,210.50,210.50,210.50,--,--,0.00,100000.00,100000.00
